BusDate,CO,CMF,Primary_AA,Primary_BusFunc,Primary_FSeg,Primary_AcctType,AA,BusFunc,FSeg,AcctType,AssetType,Ccy,CUSIP,ISIN,LOC_No,Bank_BIC,Coupon_Rate,Issue_Date,Amend_Date,Maturity_Date,Update_Date,Par_Value,PB_Value,PB_Value_Equiv,Equiv_Ccy,Exch_Rate,Mkt_Value,CPR,Warrant_Id
2020-12-04,CME,250  ,250            ,CLR  ,CSEG ,PB   ,250,CLR,CSEG,PB   ,CASH                ,AUD,,,,CHASGB2L   ,,,,,,503700,503700,374136.52,USD  ,0.74277649,503700,CSEG ,
2020-12-04,CME,250  ,250            ,CLR  ,CSEG ,PB   ,250,CLR,CSEG,PB   ,CASH                ,CAD,,,,CITIGB2L   ,,,,,,44681.25,44681.25,34948.18,USD  ,0.78216660,44681.25,CSEG ,
2020-12-04,CME,250  ,250            ,CLR  ,CSEG ,PB   ,250,CLR,CSEG,PB   ,CASH                ,CHF,,,,CHASGB2L   ,,,,,,48025,48025,53857.79,USD  ,1.12145340,48025,CSEG ,
2020-12-04,CME,250  ,250            ,CLR  ,CSEG ,PB   ,250,CLR,CSEG,PB   ,CASH                ,EUR,,,,CITIGB2L   ,,,,,,1258000,1258000,1524663.67,USD  ,1.21197430,1258000,CSEG ,
2020-12-04,CME,250  ,250            ,CLR  ,CSEG ,PB   ,250,CLR,CSEG,PB   ,CASH                ,GBP,,,,CHASGB2L   ,,,,,,2888478.92,2888478.92,3879235.72,USD  ,1.34300295,2888478.92,CSEG ,
2020-12-04,CME,250  ,250            ,CLR  ,CSEG ,PB   ,250,CLR,CSEG,PB   ,CASH                ,JPY,,,,CHASGB2L   ,,,,,,1599353411,1599353411,15354775.38,USD  ,0.00960061,1599353411,CSEG ,
2020-12-04,CME,250  ,250            ,CLR  ,CSEG ,PB   ,250,CLR,CSEG,PB   ,CASH                ,SEK,,,,CHASGB2L   ,,,,,,117437.5,117437.5,13887.08,USD  ,0.11825083,117437.5,CSEG ,
2020-12-04,CME,250  ,250            ,CLR  ,CSEG ,PB   ,250,CLR,CSEG,PB   ,CASH                ,USD,,,,BBHCUS33   ,,,,,,4140701598.18,4140701598.18,4140701598.18,USD  ,1.00000000,4140701598.18,CSEG ,
2020-12-04,CME,250  ,250            ,CLR  ,CSEG ,PB   ,250,CLR,CSEG,PB   ,TREASURY BILLS      ,USD,912796TY5,,,BBHCUS33   ,0,,,12/31/20,05/12/20,150000,149241.05,149241.05,USD  ,1.00000000,149991,CSEG ,
2020-12-04,CME,250  ,250            ,CLR  ,CSEG ,PB   ,250,CLR,CSEG,PB   ,TREASURY BILLS      ,USD,9127962Q1,,,BBHCUS33   ,0,,,04/22/21,10/02/20,10000000,9946427.16,9946427.16,USD  ,1.00000000,9996409.16666667,CSEG ,
2020-12-04,CME,250  ,250            ,CLR  ,CSEG ,PB   ,250,CLR,CSEG,PB   ,TREASURY BILLS      ,USD,9127963K3,,,BBHCUS33   ,0,,,12/17/20,11/19/20,19181500,19085076.84,19085076.84,USD  ,1.00000000,19180980.5010416730605,CSEG ,
2020-12-04,CME,250  ,250            ,CLR  ,CSEG ,PB   ,250,CLR,CSEG,PB   ,TREASURY BILLS      ,USD,9127963T4,,,BBHCUS33   ,0,,,01/07/21,11/05/20,24646000,24520917.71,24520917.71,USD  ,1.00000000,24644137.857777766824,CSEG ,
2020-12-04,CME,250  ,250            ,CLR  ,CSEG ,PB   ,250,CLR,CSEG,PB   ,TREASURY BONDS      ,USD,912810QA9,,,BBHCUS33   ,3.5,,,02/15/39,02/12/19,125000,155867.55,155867.55,USD  ,1.00000000,169421.25,CSEG ,
2020-12-04,CME,250  ,250            ,CLR  ,CSEG ,PB   ,250,CLR,CSEG,PB   ,TREASURY BONDS      ,USD,912810RY6,,,BBHCUS33   ,2.75,,,08/15/47,06/30/20,199000,227063.14,227063.14,USD  ,1.00000000,246807.76,CSEG ,
2020-12-04,CME,250  ,250            ,CLR  ,CSEG ,PB   ,250,CLR,CSEG,PB   ,TREASURY BONDS      ,USD,912810RD2,,,BBHCUS33   ,3.75,,,11/15/43,10/29/20,630000,823721.73,823721.73,USD  ,1.00000000,895349.7,CSEG ,
2020-12-04,CME,250  ,250            ,CLR  ,CSEG ,PB   ,250,CLR,CSEG,PB   ,TREASURY BONDS      ,USD,91282CAE1,,,BBHCUS33   ,0.625,,,08/15/30,11/17/20,1143700,1060558.73,1060558.73,USD  ,1.00000000,1110532.7,CSEG ,
2020-12-04,CME,250  ,250            ,CLR  ,CSEG ,PB   ,250,CLR,CSEG,PB   ,TREASURY BONDS      ,USD,912810RP5,,,BBHCUS33   ,3,,,11/15/45,11/03/20,1249000,1471477.38,1471477.38,USD  ,1.00000000,1599431.93,CSEG ,
2020-12-04,CME,250  ,250            ,CLR  ,CSEG ,PB   ,250,CLR,CSEG,PB   ,TREASURY BONDS      ,USD,912810RB6,,,BBHCUS33   ,2.875,,,05/15/43,05/30/18,1356000,1555931.9,1555931.90,USD  ,1.00000000,1691230.32,CSEG ,
2020-12-04,CME,250  ,250            ,CLR  ,CSEG ,PB   ,250,CLR,CSEG,PB   ,TREASURY BONDS      ,USD,912810SD1,,,BBHCUS33   ,3,,,08/15/48,09/30/19,1610000,1926833.84,1926833.84,USD  ,1.00000000,2094384.6,CSEG ,
2020-12-04,CME,250  ,250            ,CLR  ,CSEG ,PB   ,250,CLR,CSEG,PB   ,TREASURY BONDS      ,USD,912810SH2,,,BBHCUS33   ,2.875,,,05/15/49,03/09/20,2540000,2964160.7,2964160.70,USD  ,1.00000000,3221913.8,CSEG ,
2020-12-04,CME,250  ,250            ,CLR  ,CSEG ,PB   ,250,CLR,CSEG,PB   ,TREASURY BONDS      ,USD,912810SS8,,,BBHCUS33   ,1.625,,,11/15/50,12/02/20,50000000,44844940,44844940.00,USD  ,1.00000000,48744500,CSEG ,
2020-12-04,CME,250  ,250            ,CLR  ,CSEG ,PB   ,250,CLR,CSEG,PB   ,US TREASURY FRN     ,USD,9128285Y2,,,BBHCUS33   ,2.52,,,01/31/21,08/20/20,184000,182229.23,182229.23,USD  ,1.00000000,184069.92,CSEG ,
2020-12-04,CME,250  ,250            ,CLR  ,CSEG ,PB   ,250,CLR,CSEG,PB   ,TREASURY TIPS       ,USD,912828QV5,,,BBHCUS33   ,0.625,,,07/15/21,07/16/20,18000,20869.36,20869.36,USD  ,1.00000000,21080.16,CSEG ,
2020-12-04,CME,250  ,250            ,CLR  ,CSEG ,PB   ,250,CLR,CSEG,PB   ,TREASURY TIPS       ,USD,912810FR4,,,BBHCUS33   ,2.375,,,01/15/25,11/23/20,30000,46981.37,46981.37,USD  ,1.00000000,48434.4,CSEG ,
2020-12-04,CME,250  ,250            ,CLR  ,CSEG ,PB   ,250,CLR,CSEG,PB   ,TREASURY TIPS       ,USD,912810PV4,,,BBHCUS33   ,1.75,,,01/15/28,05/14/20,82000,118793.14,118793.14,USD  ,1.00000000,124390.72,CSEG ,
2020-12-04,CME,250  ,250            ,CLR  ,CSEG ,PB   ,250,CLR,CSEG,PB   ,TREASURY TIPS       ,USD,912828SA9,,,BBHCUS33   ,0.125,,,01/15/22,11/20/20,199900,228827.25,228827.25,USD  ,1.00000000,233497.193,CSEG ,
2020-12-04,CME,250  ,250            ,CLR  ,CSEG ,PB   ,250,CLR,CSEG,PB   ,TREASURY TIPS       ,USD,912828Y38,,,BBHCUS33   ,0.75,,,07/15/28,10/01/20,327000,373164.98,373164.98,USD  ,1.00000000,390748.65,CSEG ,
2020-12-04,CME,250  ,250            ,CLR  ,CSEG ,PB   ,250,CLR,CSEG,PB   ,TREASURY TIPS       ,USD,912828S50,,,BBHCUS33   ,0.125,,,07/15/26,06/25/20,435000,491140.37,491140.37,USD  ,1.00000000,514283.1,CSEG ,
2020-12-04,CME,250  ,250            ,CLR  ,CSEG ,PB   ,250,CLR,CSEG,PB   ,TREASURY TIPS       ,USD,9128283R9,,,BBHCUS33   ,0.5,,,01/15/28,09/01/20,437000,494224.81,494224.81,USD  ,1.00000000,517512.88,CSEG ,
2020-12-04,CME,250  ,250            ,CLR  ,CSEG ,PB   ,250,CLR,CSEG,PB   ,TREASURY TIPS       ,USD,9128285W6,,,BBHCUS33   ,0.875,,,01/15/29,09/25/20,617000,707329.48,707329.48,USD  ,1.00000000,740659.14,CSEG ,
2020-12-04,CME,250  ,250            ,CLR  ,CSEG ,PB   ,250,CLR,CSEG,PB   ,TREASURY TIPS       ,USD,912810RF7,,,BBHCUS33   ,1.375,,,02/15/44,05/01/20,665000,967555.59,967555.59,USD  ,1.00000000,1051690.85,CSEG ,
2020-12-04,CME,250  ,250            ,CLR  ,CSEG ,PB   ,250,CLR,CSEG,PB   ,TREASURY TIPS       ,USD,912828X39,,,BBHCUS33   ,0.125,,,04/15/22,12/03/20,849000,906152.99,906152.99,USD  ,1.00000000,924645.9,CSEG ,
2020-12-04,CME,250  ,250            ,CLR  ,CSEG ,PB   ,250,CLR,CSEG,PB   ,TREASURY TIPS       ,USD,912828H45,,,BBHCUS33   ,0.25,,,01/15/25,09/26/19,1240000,1415382.88,1415382.88,USD  ,1.00000000,1459157.6,CSEG ,
2020-12-04,CME,250  ,250            ,CLR  ,CSEG ,PB   ,250,CLR,CSEG,PB   ,TREASURY TIPS       ,USD,912828Q60,,,BBHCUS33   ,0.125,,,04/15/21,03/26/20,2361900,2572576.76,2572576.76,USD  ,1.00000000,2598562.38,CSEG ,
2020-12-04,CME,250  ,250            ,CLR  ,CSEG ,PB   ,250,CLR,CSEG,PB   ,TREASURY TIPS       ,USD,912810QP6,,,BBHCUS33   ,2.125,,,02/15/41,07/14/20,7000000,11860354.8,11860354.80,USD  ,1.00000000,12891690,CSEG ,
2020-12-04,CME,250  ,250            ,CLR  ,CSEG ,PB   ,250,CLR,CSEG,PB   ,TREASURY TIPS       ,USD,912828V49,,,BBHCUS33   ,0.375,,,01/15/27,07/27/20,10599000,12038148.12,12038148.12,USD  ,1.00000000,12605390.7,CSEG ,
2020-12-04,CME,250  ,250            ,CLR  ,CSEG ,PB   ,250,CLR,CSEG,PB   ,TREASURY TIPS       ,USD,912810PZ5,,,BBHCUS33   ,2.5,,,01/15/29,04/07/20,12936000,19612897,19612897.00,USD  ,1.00000000,20537064.24,CSEG ,
2020-12-04,CME,250  ,250            ,CLR  ,CSEG ,PB   ,250,CLR,CSEG,PB   ,TREASURY TIPS       ,USD,912828YL8,,,BBHCUS33   ,0.125,,,10/15/24,10/01/20,21000000,21989415,21989415.00,USD  ,1.00000000,22669500,CSEG ,
2020-12-04,CME,250  ,250            ,CLR  ,CSEG ,PB   ,250,CLR,CSEG,PB   ,TREASURY TIPS       ,USD,912828TE0,,,BBHCUS33   ,0.125,,,07/15/22,11/24/20,21665000,24686522.23,24686522.23,USD  ,1.00000000,25190328.8,CSEG ,
2020-12-04,CME,250  ,250            ,CLR  ,CSEG ,PB   ,250,CLR,CSEG,PB   ,TREASURY NOTES      ,USD,9128285M8,,,BBHCUS33   ,3.125,,,11/15/28,09/25/19,140000,157935.81,157935.81,USD  ,1.00000000,165377.8,CSEG ,
2020-12-04,CME,250  ,250            ,CLR  ,CSEG ,PB   ,250,CLR,CSEG,PB   ,TREASURY NOTES      ,USD,912828XT2,,,BBHCUS33   ,2,,,05/31/24,12/17/19,145000,149176.21,149176.21,USD  ,1.00000000,153789.9,CSEG ,
2020-12-04,CME,250  ,250            ,CLR  ,CSEG ,PB   ,250,CLR,CSEG,PB   ,TREASURY NOTES      ,USD,9128286B1,,,BBHCUS33   ,2.625,,,02/15/29,11/03/20,170000,186855.11,186855.11,USD  ,1.00000000,195659.8,CSEG ,
2020-12-04,CME,250  ,250            ,CLR  ,CSEG ,PB   ,250,CLR,CSEG,PB   ,TREASURY NOTES      ,USD,912828Z94,,,BBHCUS33   ,1.5,,,02/15/30,11/23/20,368000,371359.62,371359.62,USD  ,1.00000000,388858.24,CSEG ,
2020-12-04,CME,250  ,250            ,CLR  ,CSEG ,PB   ,250,CLR,CSEG,PB   ,TREASURY NOTES      ,USD,9128284V9,,,BBHCUS33   ,2.875,,,08/15/28,01/29/20,1386100,1543794.93,1543794.93,USD  ,1.00000000,1616539.125,CSEG ,
2020-12-04,CME,250  ,250            ,CLR  ,CSEG ,PB   ,250,CLR,CSEG,PB   ,TREASURY NOTES      ,USD,912828N30,,,BBHCUS33   ,2.125,,,12/31/22,11/30/20,3000000,3085912.2,3085912.20,USD  ,1.00000000,3148890,CSEG ,
2020-12-04,CME,250  ,250            ,CLR  ,CSEG ,PB   ,250,CLR,CSEG,PB   ,TREASURY NOTES      ,USD,912828L24,,,BBHCUS33   ,1.875,,,08/31/22,11/03/20,4787900,4855053.17,4855053.17,USD  ,1.00000000,4954135.888,CSEG ,
2020-12-04,CME,250  ,250            ,CLR  ,CSEG ,PB   ,250,CLR,CSEG,PB   ,TREASURY NOTES      ,USD,9128282A7,,,BBHCUS33   ,1.5,,,08/15/26,10/29/20,40000000,40475576,40475576.00,USD  ,1.00000000,42382800,CSEG ,
2020-12-04,CME,250  ,250            ,CLR  ,CSEG ,PB   ,250,CLR,CSEG,PB   ,TREASURY NOTES      ,USD,912828SV3,,,BBHCUS33   ,1.75,,,05/15/22,09/04/20,44000000,44161348,44161348.00,USD  ,1.00000000,45062600,CSEG ,
2020-12-04,CME,250  ,250            ,CLR  ,CSEG ,PB   ,250,CLR,CSEG,PB   ,TREASURY NOTES      ,USD,912828TY6,,,BBHCUS33   ,1.625,,,11/15/22,10/29/20,49000000,49431307.8,49431307.80,USD  ,1.00000000,50440110,CSEG ,
2020-12-04,CME,250  ,250            ,CLR  ,CSEG ,PB   ,250,CLR,CSEG,PB   ,TREASURY NOTES      ,USD,91282CAP6,,,BBHCUS33   ,0.125,,,10/15/23,12/04/20,75000000,73335360,73335360.00,USD  ,1.00000000,74832000,CSEG ,
2020-12-04,CME,250  ,250            ,CLR  ,CSEG ,PB   ,250,CLR,CSEG,PB   ,TREASURY STRIPS     ,USD,912803DH3,,,BBHCUS33   ,0,,,08/15/39,11/05/20,580000,393168.9,393168.90,USD  ,1.00000000,441762.8,CSEG ,
2020-12-04,CME,250  ,250            ,CLR  ,CSEG ,PB   ,250,CLR,CSEG,PB   ,TREASURY STRIPS     ,USD,912834JP4,,,BBHCUS33   ,0,,,02/15/41,11/20/20,2000000,1268499.2,1268499.20,USD  ,1.00000000,1425280,CSEG ,
2020-12-04,CME,250  ,250            ,CLR  ,CSEG ,PB   ,250,CLR,CSEG,PB   ,TREASURY STRIPS     ,USD,912803DJ9,,,BBHCUS33   ,0,,,11/15/39,11/23/20,2861100,1926641.28,1926641.28,USD  ,1.00000000,2164765.482,CSEG ,
2020-12-04,CME,250  ,250            ,CLR  ,CSEG ,PB   ,250,CLR,CSEG,PB   ,TREASURY STRIPS     ,USD,912803DG5,,,BBHCUS33   ,0,,,05/15/39,10/02/20,22440000,15298045.89,15298045.89,USD  ,1.00000000,17188815.6,CSEG ,
2020-12-04,CME,250  ,250            ,CLR  ,CSEG ,PB   ,250,CLR,CSEG,PB   ,TREASURY STRIPS     ,USD,912803DM2,,,BBHCUS33   ,0,,,05/15/40,10/02/20,23000000,15288633.6,15288633.60,USD  ,1.00000000,17178240,CSEG ,
2020-12-04,CME,250  ,250            ,CLR  ,CSEG ,PB   ,250,CLR,CSEG,PB   ,TREASURY STRIPS     ,USD,912803DC4,,,BBHCUS33   ,0,,,02/15/38,09/10/20,26995000,19006132.1,19006132.10,USD  ,1.00000000,21355204.6,CSEG ,
2020-12-04,CME,250  ,250            ,CLR  ,CSEG ,PB   ,250,CLR,CSEG,PB   ,TREASURY STRIPS     ,USD,912834FB9,,,BBHCUS33   ,0,,,02/15/40,11/30/20,39816000,25832664.6,25832664.60,USD  ,1.00000000,29025465.84,CSEG ,
2020-12-04,CME,250  ,250            ,CLR  ,CSEG ,PB   ,250,CLR,CSEG,PB   ,TREASURY STRIPS     ,USD,912803DP5,,,BBHCUS33   ,0,,,11/15/40,08/03/20,58043000,38022036.47,38022036.47,USD  ,1.00000000,42721389.29,CSEG ,
2020-12-04,CME,250  ,250            ,CLR  ,CSEG ,PB   ,250,CLR,CSEG,PB   ,TREASURY STRIPS     ,USD,912803EN9,,,BBHCUS33   ,0,,,05/15/45,10/05/20,84730000,49247812.78,49247812.78,USD  ,1.00000000,55334621.1,CSEG ,
2020-12-04,CME,250  ,250            ,CLR  ,NSEG ,PB   ,250,CLR,NSEG,PB   ,CASH                ,JPY,,,,CHASGB2L   ,,,,,,3184502135,3184502135,30573177.05,USD  ,0.00960061,3184502135,NA   ,
2020-12-04,CME,250  ,250            ,CLR  ,NSEG ,PB   ,250,CLR,NSEG,PB   ,CASH                ,USD,,,,BBHCUS33   ,,,,,,572492.65,572492.65,572492.65,USD  ,1.00000000,572492.65,NA   ,
2020-12-04,CME,250  ,250            ,CLR  ,NSEG ,PB   ,250,CLR,NSEG,PB   ,TREASURY TIPS       ,USD,912810FH6,,,BBHCUS33   ,3.875,,,04/15/29,04/15/20,19000000,41164109.9,41164109.90,USD  ,1.00000000,43103780,NA   ,
2020-12-04,CME,250  ,250            ,CLR  ,NSEG ,PB   ,250,CLR,NSEG,PB   ,TREASURY NOTES      ,USD,9128285M8,,,BBHCUS33   ,3.125,,,11/15/28,08/13/20,75000000,84608467.5,84608467.50,USD  ,1.00000000,88595250,NA   ,
2020-12-04,CME,250  ,250            ,CLR  ,NSEG ,PB   ,250,CLR,NSEG,PB   ,TREASURY NOTES      ,USD,9128284S6,,,BBHCUS33   ,2.75,,,05/31/23,11/09/20,126000000,131369137.2,131369137.20,USD  ,1.00000000,134050140,NA   ,
2020-12-04,CME,250  ,250            ,SECR ,NSEG ,SECR ,250,SECR,NSEG,SECR ,TREASURY NOTES      ,USD,9128284U1,,,CITIUS33   ,2.625,,,06/30/23,12/05/19,50000000,52610320,52610320.00,USD  ,1.00000000,53684000,NA   ,
2020-12-04,CME,250  ,250            ,SECR ,NSEG ,SECR ,250,SECR,NSEG,SECR ,TREASURY NOTES      ,USD,912828R36,,,CITIUS33   ,1.625,,,05/15/26,09/10/20,50000000,50718140,50718140.00,USD  ,1.00000000,53108000,NA   ,
2020-12-04,CME,250  ,250            ,SECR ,NSEG ,SECR ,250,SECR,NSEG,SECR ,TREASURY NOTES      ,USD,912828T91,,,CITIUS33   ,1.625,,,10/31/23,06/27/19,53000000,54156799.2,54156799.20,USD  ,1.00000000,55262040,NA   ,
2020-12-04,CME,250  ,250F           ,CLR  ,COTC ,PB   ,250F,CLR,COTC,PB   ,CASH                ,USD,,,,BBHCUS33   ,,,,,,5419200,5419200,5419200.00,USD  ,1.00000000,5419200,LSOCU,
2020-12-04,CME,250  ,250I           ,CLR  ,COTC ,PB   ,250I,CLR,COTC,PB   ,CASH                ,AUD,,,,CHASGB2L   ,,,,,,5000000,5000000,3713882.49,USD  ,0.74277649,5000000,LSOCC,
2020-12-04,CME,250  ,250I           ,CLR  ,COTC ,PB   ,250I,CLR,COTC,PB   ,CASH                ,EUR,,,,CITIGB2L   ,,,,,,4098767.96,4098767.96,4967601.45,USD  ,1.21197430,4098767.96,LSOCC,
2020-12-04,CME,250  ,250I           ,CLR  ,COTC ,PB   ,250I,CLR,COTC,PB   ,CASH                ,GBP,,,,CHASGB2L   ,,,,,,8000000,8000000,10744023.63,USD  ,1.34300295,8000000,LSOCC,
2020-12-04,CME,250  ,250I           ,CLR  ,COTC ,PB   ,250I,CLR,COTC,PB   ,CASH                ,HUF,,,,CITIGB2L   ,,,,,,500000000,500000000,1689132.10,USD  ,0.00337826,500000000,LSOCC,
2020-12-04,CME,250  ,250I           ,CLR  ,COTC ,PB   ,250I,CLR,COTC,PB   ,CASH                ,MXN,,,,CITIGB2L   ,,,,,,10000,10000,505.85,USD  ,0.05058501,10000,LSOCC,
2020-12-04,CME,250  ,250I           ,CLR  ,COTC ,PB   ,250I,CLR,COTC,PB   ,CASH                ,PLN,,,,CITIGB2L   ,,,,,,70000000,70000000,18982536.06,USD  ,0.27117908,70000000,LSOCC,
2020-12-04,CME,250  ,250I           ,CLR  ,COTC ,PB   ,250I,CLR,COTC,PB   ,CASH                ,USD,,,,BBHCUS33   ,,,,,,513411892.31,513411892.31,513411892.31,USD  ,1.00000000,513411892.31,LSOCC,
2020-12-04,CME,250  ,250I           ,CLR  ,COTC ,PB   ,250I,CLR,COTC,PB   ,TREASURY BILLS      ,USD,9127964L0,,,BBHCUS33   ,0,,,09/09/21,12/04/20,10000,9942.44,9942.44,USD  ,1.00000000,9992.405,LSOCC,
2020-12-04,CME,250  ,250I           ,CLR  ,COTC ,PB   ,250I,CLR,COTC,PB   ,TREASURY BILLS      ,USD,9127963K3,,,BBHCUS33   ,0,,,12/17/20,12/03/20,18000,17909.52,17909.52,USD  ,1.00000000,17999.512500000006,LSOCC,
2020-12-04,CME,250  ,250I           ,CLR  ,COTC ,PB   ,250I,CLR,COTC,PB   ,TREASURY BILLS      ,USD,912796XE4,,,BBHCUS33   ,0,,,02/25/21,12/03/20,80000,79584.77,79584.77,USD  ,1.00000000,79984.69111111112,LSOCC,
2020-12-04,CME,250  ,250I           ,CLR  ,COTC ,PB   ,250I,CLR,COTC,PB   ,TREASURY BILLS      ,USD,9127963L1,,,BBHCUS33   ,0,,,12/24/20,12/02/20,218000,216900.38,216900.38,USD  ,1.00000000,217990.311111111208,LSOCC,
2020-12-04,CME,250  ,250I           ,CLR  ,COTC ,PB   ,250I,CLR,COTC,PB   ,TREASURY BILLS      ,USD,912796A82,,,BBHCUS33   ,0,,,01/26/21,11/20/20,266000,264640.78,264640.78,USD  ,1.00000000,265970.629166666578,LSOCC,
2020-12-04,CME,250  ,250I           ,CLR  ,COTC ,PB   ,250I,CLR,COTC,PB   ,TREASURY BILLS      ,USD,9127964B2,,,BBHCUS33   ,0,,,08/12/21,09/09/20,401000,398744.66,398744.66,USD  ,1.00000000,400748.3725,LSOCC,
2020-12-04,CME,250  ,250I           ,CLR  ,COTC ,PB   ,250I,CLR,COTC,PB   ,TREASURY BILLS      ,USD,9127964Z9,,,BBHCUS33   ,0,,,04/29/21,11/17/20,546000,543071.75,543071.75,USD  ,1.00000000,545800.71,LSOCC,
2020-12-04,CME,250  ,250I           ,CLR  ,COTC ,PB   ,250I,CLR,COTC,PB   ,TREASURY BILLS      ,USD,9127964V8,,,BBHCUS33   ,0,,,10/07/21,12/03/20,695000,690964.8,690964.80,USD  ,1.00000000,694436.953472222145,LSOCC,
2020-12-04,CME,250  ,250I           ,CLR  ,COTC ,PB   ,250I,CLR,COTC,PB   ,TREASURY BILLS      ,USD,9127964F3,,,BBHCUS33   ,0,,,03/04/21,11/06/20,1000000,994788.6,994788.60,USD  ,1.00000000,999787.5,LSOCC,
2020-12-04,CME,250  ,250I           ,CLR  ,COTC ,PB   ,250I,CLR,COTC,PB   ,TREASURY BILLS      ,USD,912796C72,,,BBHCUS33   ,0,,,03/09/21,11/27/20,1000000,994784.71,994784.71,USD  ,1.00000000,999783.611111111,LSOCC,
2020-12-04,CME,250  ,250I           ,CLR  ,COTC ,PB   ,250I,CLR,COTC,PB   ,TREASURY BILLS      ,USD,912796A74,,,BBHCUS33   ,0,,,01/19/21,12/02/20,1321000,1314272.45,1314272.45,USD  ,1.00000000,1320876.780055555262,LSOCC,
2020-12-04,CME,250  ,250I           ,CLR  ,COTC ,PB   ,250I,CLR,COTC,PB   ,TREASURY BILLS      ,USD,912796A66,,,BBHCUS33   ,0,,,01/12/21,10/16/20,1478000,1470485.84,1470485.84,USD  ,1.00000000,1477875.109,LSOCC,
2020-12-04,CME,250  ,250I           ,CLR  ,COTC ,PB   ,250I,CLR,COTC,PB   ,TREASURY BILLS      ,USD,9127963T4,,,BBHCUS33   ,0,,,01/07/21,11/04/20,1668000,1659534.64,1659534.64,USD  ,1.00000000,1667873.973333332592,LSOCC,
2020-12-04,CME,250  ,250I           ,CLR  ,COTC ,PB   ,250I,CLR,COTC,PB   ,TREASURY BILLS      ,USD,9127963S6,,,BBHCUS33   ,0,,,07/15/21,12/03/20,1803000,1793096.02,1793096.02,USD  ,1.00000000,1802106.513333332532,LSOCC,
2020-12-04,CME,250  ,250I           ,CLR  ,COTC ,PB   ,250I,CLR,COTC,PB   ,TREASURY BILLS      ,USD,912796A58,,,BBHCUS33   ,0,,,01/05/21,11/16/20,2400000,2387845.22,2387845.22,USD  ,1.00000000,2399844.2666666664,LSOCC,
2020-12-04,CME,250  ,250I           ,CLR  ,COTC ,PB   ,250I,CLR,COTC,PB   ,TREASURY BILLS      ,USD,912796UC1,,,BBHCUS33   ,0,,,01/28/21,12/04/20,2405000,2392689.85,2392689.85,USD  ,1.00000000,2404713.404166665865,LSOCC,
2020-12-04,CME,250  ,250I           ,CLR  ,COTC ,PB   ,250I,CLR,COTC,PB   ,TREASURY BILLS      ,USD,912796B65,,,BBHCUS33   ,0,,,02/02/21,11/18/20,2802000,2787627.71,2787627.71,USD  ,1.00000000,2801635.74,LSOCC,
2020-12-04,CME,250  ,250I           ,CLR  ,COTC ,PB   ,250I,CLR,COTC,PB   ,TREASURY BILLS      ,USD,9127964N6,,,BBHCUS33   ,0,,,03/18/21,11/23/20,4000000,3979022.97,3979022.97,USD  ,1.00000000,3999017.777777776,LSOCC,
2020-12-04,CME,250  ,250I           ,CLR  ,COTC ,PB   ,250I,CLR,COTC,PB   ,TREASURY BILLS      ,USD,9127965A3,,,BBHCUS33   ,0,,,05/06/21,11/20/20,4496000,4471751.95,4471751.95,USD  ,1.00000000,4494222.956,LSOCC,
2020-12-04,CME,250  ,250I           ,CLR  ,COTC ,PB   ,250I,CLR,COTC,PB   ,TREASURY BILLS      ,USD,9127963U1,,,BBHCUS33   ,0,,,01/14/21,11/24/20,4523000,4499975.17,4499975.17,USD  ,1.00000000,4522587.904444444947,LSOCC,
2020-12-04,CME,250  ,250I           ,CLR  ,COTC ,PB   ,250I,CLR,COTC,PB   ,TREASURY BILLS      ,USD,9127963H0,,,BBHCUS33   ,0,,,06/17/21,11/16/20,4628000,4602665.09,4602665.09,USD  ,1.00000000,4625793.986666665124,LSOCC,
2020-12-04,CME,250  ,250I           ,CLR  ,COTC ,PB   ,250I,CLR,COTC,PB   ,TREASURY BILLS      ,USD,9127965C9,,,BBHCUS33   ,0,,,12/15/20,12/02/20,4971000,4946046.77,4946046.77,USD  ,1.00000000,4970901.270416667219,LSOCC,
2020-12-04,CME,250  ,250I           ,CLR  ,COTC ,PB   ,250I,CLR,COTC,PB   ,TREASURY BILLS      ,USD,9127963V9,,,BBHCUS33   ,0,,,01/21/21,11/18/20,5810000,5780349.25,5780349.25,USD  ,1.00000000,5809395.76,LSOCC,
2020-12-04,CME,250  ,250I           ,CLR  ,COTC ,PB   ,250I,CLR,COTC,PB   ,TREASURY BILLS      ,USD,912796B73,,,BBHCUS33   ,0,,,02/09/21,11/20/20,6034000,6003025.67,6003025.67,USD  ,1.00000000,6033191.444,LSOCC,
2020-12-04,CME,250  ,250I           ,CLR  ,COTC ,PB   ,250I,CLR,COTC,PB   ,TREASURY BILLS      ,USD,9127962Q1,,,BBHCUS33   ,0,,,04/22/21,12/02/20,7552000,7511541.8,7511541.80,USD  ,1.00000000,7549288.202666669184,LSOCC,
2020-12-04,CME,250  ,250I           ,CLR  ,COTC ,PB   ,250I,CLR,COTC,PB   ,TREASURY BILLS      ,USD,912796TY5,,,BBHCUS33   ,0,,,12/31/20,12/03/20,18724000,18629262.18,18629262.18,USD  ,1.00000000,18722876.56,LSOCC,
2020-12-04,CME,250  ,250I           ,CLR  ,COTC ,PB   ,250I,CLR,COTC,PB   ,TREASURY BILLS      ,USD,9127964Y2,,,BBHCUS33   ,0,,,04/15/21,12/03/20,33600000,33421581.75,33421581.75,USD  ,1.00000000,33589527.9999999888,LSOCC,
2020-12-04,CME,250  ,250I           ,CLR  ,COTC ,PB   ,250I,CLR,COTC,PB   ,TREASURY BILLS      ,USD,9127963W7,,,BBHCUS33   ,0,,,02/04/21,12/02/20,34352000,34175826.91,34175826.91,USD  ,1.00000000,34347562.866666655216,LSOCC,
2020-12-04,CME,250  ,250I           ,CLR  ,COTC ,PB   ,250I,CLR,COTC,PB   ,TREASURY BILLS      ,USD,9127964X4,,,BBHCUS33   ,0,,,04/08/21,12/04/20,73600000,73209117.76,73209117.76,USD  ,1.00000000,73577000,LSOCC,
2020-12-04,CME,250  ,250I           ,CLR  ,COTC ,PB   ,250I,CLR,COTC,PB   ,TREASURY BONDS      ,USD,912810RE0,,,BBHCUS33   ,3.625,,,02/15/44,12/04/20,283800,367202.81,367202.81,USD  ,1.00000000,399133.482,LSOCC,
2020-12-04,CME,250  ,250I           ,CLR  ,COTC ,PB   ,250I,CLR,COTC,PB   ,TREASURY BONDS      ,USD,912810PX0,,,BBHCUS33   ,4.5,,,05/15/38,10/06/20,305000,420964.54,420964.54,USD  ,1.00000000,457570.15,LSOCC,
2020-12-04,CME,250  ,250I           ,CLR  ,COTC ,PB   ,250I,CLR,COTC,PB   ,TREASURY BONDS      ,USD,91282CAE1,,,BBHCUS33   ,0.625,,,08/15/30,11/18/20,539000,499817.4,499817.40,USD  ,1.00000000,523369,LSOCC,
2020-12-04,CME,250  ,250I           ,CLR  ,COTC ,PB   ,250I,CLR,COTC,PB   ,TREASURY BONDS      ,USD,912810RZ3,,,BBHCUS33   ,2.75,,,11/15/47,08/27/20,588000,667723.16,667723.16,USD  ,1.00000000,725786.04,LSOCC,
2020-12-04,CME,250  ,250I           ,CLR  ,COTC ,PB   ,250I,CLR,COTC,PB   ,TREASURY BONDS      ,USD,912810RM2,,,BBHCUS33   ,3,,,05/15/45,11/20/20,758000,890842.54,890842.54,USD  ,1.00000000,968307.1,LSOCC,
2020-12-04,CME,250  ,250I           ,CLR  ,COTC ,PB   ,250I,CLR,COTC,PB   ,TREASURY BONDS      ,USD,912810SJ8,,,BBHCUS33   ,2.25,,,08/15/49,12/02/20,807000,838103.4,838103.40,USD  ,1.00000000,910981.95,LSOCC,
2020-12-04,CME,250  ,250I           ,CLR  ,COTC ,PB   ,250I,CLR,COTC,PB   ,TREASURY BONDS      ,USD,912810PU6,,,BBHCUS33   ,5,,,05/15/37,09/17/20,830000,1189956.06,1189956.06,USD  ,1.00000000,1293430.5,LSOCC,
2020-12-04,CME,250  ,250I           ,CLR  ,COTC ,PB   ,250I,CLR,COTC,PB   ,TREASURY BONDS      ,USD,912810EW4,,,BBHCUS33   ,6,,,02/15/26,12/06/19,1000000,1243209.5,1243209.50,USD  ,1.00000000,1301790,LSOCC,
2020-12-04,CME,250  ,250I           ,CLR  ,COTC ,PB   ,250I,CLR,COTC,PB   ,TREASURY BONDS      ,USD,912810SH2,,,BBHCUS33   ,2.875,,,05/15/49,09/25/20,1078000,1258017.81,1258017.81,USD  ,1.00000000,1367410.66,LSOCC,
2020-12-04,CME,250  ,250I           ,CLR  ,COTC ,PB   ,250I,CLR,COTC,PB   ,TREASURY BONDS      ,USD,912810PT9,,,BBHCUS33   ,4.75,,,02/15/37,08/17/20,1090000,1531807.09,1531807.09,USD  ,1.00000000,1665007.7,LSOCC,
2020-12-04,CME,250  ,250I           ,CLR  ,COTC ,PB   ,250I,CLR,COTC,PB   ,TREASURY BONDS      ,USD,912810PW2,,,BBHCUS33   ,4.375,,,02/15/38,09/25/20,1230000,1683028.68,1683028.68,USD  ,1.00000000,1829379,LSOCC,
2020-12-04,CME,250  ,250I           ,CLR  ,COTC ,PB   ,250I,CLR,COTC,PB   ,TREASURY BONDS      ,USD,912810QD3,,,BBHCUS33   ,4.375,,,11/15/39,10/08/20,1270000,1751326.45,1751326.45,USD  ,1.00000000,1903615.7,LSOCC,
2020-12-04,CME,250  ,250I           ,CLR  ,COTC ,PB   ,250I,CLR,COTC,PB   ,TREASURY BONDS      ,USD,912810RK6,,,BBHCUS33   ,2.5,,,02/15/45,09/01/20,1290000,1399973.02,1399973.02,USD  ,1.00000000,1521709.8,LSOCC,
2020-12-04,CME,250  ,250I           ,CLR  ,COTC ,PB   ,250I,CLR,COTC,PB   ,TREASURY BONDS      ,USD,912810QK7,,,BBHCUS33   ,3.875,,,08/15/40,11/25/20,2145000,2820975.3,2820975.30,USD  ,1.00000000,3066277.5,LSOCC,
2020-12-04,CME,250  ,250I           ,CLR  ,COTC ,PB   ,250I,CLR,COTC,PB   ,TREASURY BONDS      ,USD,912810SA7,,,BBHCUS33   ,3,,,02/15/48,08/11/20,2215000,2646103.68,2646103.68,USD  ,1.00000000,2876199.65,LSOCC,
2020-12-04,CME,250  ,250I           ,CLR  ,COTC ,PB   ,250I,CLR,COTC,PB   ,TREASURY BONDS      ,USD,912810SK5,,,BBHCUS33   ,2.375,,,11/15/49,11/20/20,2370000,2514350.07,2514350.07,USD  ,1.00000000,2732989.2,LSOCC,
2020-12-04,CME,250  ,250I           ,CLR  ,COTC ,PB   ,250I,CLR,COTC,PB   ,TREASURY BONDS      ,USD,912810QB7,,,BBHCUS33   ,4.25,,,05/15/39,08/14/20,2375000,3214856.05,3214856.05,USD  ,1.00000000,3494408.75,LSOCC,
2020-12-04,CME,250  ,250I           ,CLR  ,COTC ,PB   ,250I,CLR,COTC,PB   ,TREASURY BONDS      ,USD,912810RJ9,,,BBHCUS33   ,3,,,11/15/44,10/13/20,2570000,3014846.44,3014846.44,USD  ,1.00000000,3277007,LSOCC,
2020-12-04,CME,250  ,250I           ,CLR  ,COTC ,PB   ,250I,CLR,COTC,PB   ,TREASURY BONDS      ,USD,912810RH3,,,BBHCUS33   ,3.125,,,08/15/44,10/06/20,3512000,4226071.08,4226071.08,USD  ,1.00000000,4593555.52,LSOCC,
2020-12-04,CME,250  ,250I           ,CLR  ,COTC ,PB   ,250I,CLR,COTC,PB   ,TREASURY BONDS      ,USD,912810SD1,,,BBHCUS33   ,3,,,08/15/48,10/29/20,3917000,4687831.14,4687831.14,USD  ,1.00000000,5095468.62,LSOCC,
2020-12-04,CME,250  ,250I           ,CLR  ,COTC ,PB   ,250I,CLR,COTC,PB   ,TREASURY BONDS      ,USD,912810SQ2,,,BBHCUS33   ,1.125,,,08/15/40,11/30/20,4854000,4179831.83,4179831.83,USD  ,1.00000000,4543295.46,LSOCC,
2020-12-04,CME,250  ,250I           ,CLR  ,COTC ,PB   ,250I,CLR,COTC,PB   ,TREASURY BONDS      ,USD,912810RG5,,,BBHCUS33   ,3.375,,,05/15/44,07/01/20,5390000,6689817.91,6689817.91,USD  ,1.00000000,7271541.2,LSOCC,
2020-12-04,CME,250  ,250I           ,CLR  ,COTC ,PB   ,250I,CLR,COTC,PB   ,TREASURY BONDS      ,USD,912810RN0,,,BBHCUS33   ,2.875,,,08/15/45,11/24/20,5586000,6474468.95,6474468.95,USD  ,1.00000000,7037466.24,LSOCC,
2020-12-04,CME,250  ,250I           ,CLR  ,COTC ,PB   ,250I,CLR,COTC,PB   ,TREASURY BONDS      ,USD,912810SR0,,,BBHCUS33   ,1.125,,,05/15/40,12/04/20,9816000,8451309.01,8451309.01,USD  ,1.00000000,9186205.44,LSOCC,
2020-12-04,CME,250  ,250I           ,CLR  ,COTC ,PB   ,250I,CLR,COTC,PB   ,TREASURY BONDS      ,USD,912810RY6,,,BBHCUS33   ,2.75,,,08/15/47,11/20/20,12296000,14029991.76,14029991.76,USD  ,1.00000000,15249991.04,LSOCC,
2020-12-04,CME,250  ,250I           ,CLR  ,COTC ,PB   ,250I,CLR,COTC,PB   ,TREASURY BONDS      ,USD,912810QA9,,,BBHCUS33   ,3.5,,,02/15/39,09/17/20,45000000,56112318,56112318.00,USD  ,1.00000000,60991650,LSOCC,
2020-12-04,CME,250  ,250I           ,CLR  ,COTC ,PB   ,250I,CLR,COTC,PB   ,TREASURY BONDS      ,USD,912810RP5,,,BBHCUS33   ,3,,,11/15/45,10/08/20,68750000,80996052.5,80996052.50,USD  ,1.00000000,88039187.5,LSOCC,
2020-12-04,CME,250  ,250I           ,CLR  ,COTC ,PB   ,250I,CLR,COTC,PB   ,TREASURY BONDS      ,USD,912810RQ3,,,BBHCUS33   ,2.5,,,02/15/46,12/04/20,86014000,93470175.2,93470175.20,USD  ,1.00000000,101598016.52,LSOCC,
2020-12-04,CME,250  ,250I           ,CLR  ,COTC ,PB   ,250I,CLR,COTC,PB   ,US TREASURY FRN     ,USD,912828ZK9,,,BBHCUS33   ,0.234,,,04/30/22,12/03/20,59000000,57888227.6,57888227.60,USD  ,1.00000000,59069620,LSOCC,
2020-12-04,CME,250  ,250I           ,CLR  ,COTC ,PB   ,250I,CLR,COTC,PB   ,TREASURY TIPS       ,USD,912828S50,,,BBHCUS33   ,0.125,,,07/15/26,11/09/20,41000,46291.4,46291.40,USD  ,1.00000000,48472.66,LSOCC,
2020-12-04,CME,250  ,250I           ,CLR  ,COTC ,PB   ,250I,CLR,COTC,PB   ,TREASURY TIPS       ,USD,9128282L3,,,BBHCUS33   ,0.375,,,07/15/27,12/01/20,43000,48640.68,48640.68,USD  ,1.00000000,50932.64,LSOCC,
2020-12-04,CME,250  ,250I           ,CLR  ,COTC ,PB   ,250I,CLR,COTC,PB   ,TREASURY TIPS       ,USD,912828VM9,,,BBHCUS33   ,0.375,,,07/15/23,11/21/19,250000,288725.15,288725.15,USD  ,1.00000000,294617.5,LSOCC,
2020-12-04,CME,250  ,250I           ,CLR  ,COTC ,PB   ,250I,CLR,COTC,PB   ,TREASURY TIPS       ,USD,912810SM1,,,BBHCUS33   ,0.25,,,02/15/50,12/02/20,532000,575253.52,575253.52,USD  ,1.00000000,625275.56,LSOCC,
2020-12-04,CME,250  ,250I           ,CLR  ,COTC ,PB   ,250I,CLR,COTC,PB   ,TREASURY TIPS       ,USD,9128284H0,,,BBHCUS33   ,0.625,,,04/15/23,04/14/20,1114000,1198555.72,1198555.72,USD  ,1.00000000,1223016.04,LSOCC,
2020-12-04,CME,250  ,250I           ,CLR  ,COTC ,PB   ,250I,CLR,COTC,PB   ,TREASURY TIPS       ,USD,912810RF7,,,BBHCUS33   ,1.375,,,02/15/44,08/27/20,1327000,1930746.26,1930746.26,USD  ,1.00000000,2098637.23,LSOCC,
2020-12-04,CME,250  ,250I           ,CLR  ,COTC ,PB   ,250I,CLR,COTC,PB   ,TREASURY TIPS       ,USD,912810PV4,,,BBHCUS33   ,1.75,,,01/15/28,10/14/20,1362000,1973125.05,1973125.05,USD  ,1.00000000,2066099.52,LSOCC,
2020-12-04,CME,250  ,250I           ,CLR  ,COTC ,PB   ,250I,CLR,COTC,PB   ,TREASURY TIPS       ,USD,912828YL8,,,BBHCUS33   ,0.125,,,10/15/24,12/04/20,1442000,1509939.83,1509939.83,USD  ,1.00000000,1556639,LSOCC,
2020-12-04,CME,250  ,250I           ,CLR  ,COTC ,PB   ,250I,CLR,COTC,PB   ,TREASURY TIPS       ,USD,912810FH6,,,BBHCUS33   ,3.875,,,04/15/29,10/23/20,1580000,3423120.72,3423120.72,USD  ,1.00000000,3584419.6,LSOCC,
2020-12-04,CME,250  ,250I           ,CLR  ,COTC ,PB   ,250I,CLR,COTC,PB   ,TREASURY TIPS       ,USD,912828V49,,,BBHCUS33   ,0.375,,,01/15/27,09/30/20,1950000,2214773.93,2214773.93,USD  ,1.00000000,2319135,LSOCC,
2020-12-04,CME,250  ,250I           ,CLR  ,COTC ,PB   ,250I,CLR,COTC,PB   ,TREASURY TIPS       ,USD,912810PZ5,,,BBHCUS33   ,2.5,,,01/15/29,11/20/20,2048000,3105072.13,3105072.13,USD  ,1.00000000,3251384.32,LSOCC,
2020-12-04,CME,250  ,250I           ,CLR  ,COTC ,PB   ,250I,CLR,COTC,PB   ,TREASURY TIPS       ,USD,912828ZJ2,,,BBHCUS33   ,0.125,,,04/15/25,12/04/20,2098000,2187852.31,2187852.31,USD  ,1.00000000,2255517.84,LSOCC,
2020-12-04,CME,250  ,250I           ,CLR  ,COTC ,PB   ,250I,CLR,COTC,PB   ,TREASURY TIPS       ,USD,912810RL4,,,BBHCUS33   ,0.75,,,02/15/45,11/12/20,2638000,3390924.25,3390924.25,USD  ,1.00000000,3685787.22,LSOCC,
2020-12-04,CME,250  ,250I           ,CLR  ,COTC ,PB   ,250I,CLR,COTC,PB   ,TREASURY TIPS       ,USD,912828Q60,,,BBHCUS33   ,0.125,,,04/15/21,10/16/20,2703000,2944102.2,2944102.20,USD  ,1.00000000,2973840.6,LSOCC,
2020-12-04,CME,250  ,250I           ,CLR  ,COTC ,PB   ,250I,CLR,COTC,PB   ,TREASURY TIPS       ,USD,912810FR4,,,BBHCUS33   ,2.375,,,01/15/25,08/31/20,3565000,5582952.57,5582952.57,USD  ,1.00000000,5755621.2,LSOCC,
2020-12-04,CME,250  ,250I           ,CLR  ,COTC ,PB   ,250I,CLR,COTC,PB   ,TREASURY TIPS       ,USD,912810PS1,,,BBHCUS33   ,2.375,,,01/15/27,06/19/20,4027000,6152140.93,6152140.93,USD  ,1.00000000,6442032.17,LSOCC,
2020-12-04,CME,250  ,250I           ,CLR  ,COTC ,PB   ,250I,CLR,COTC,PB   ,TREASURY TIPS       ,USD,912810RW0,,,BBHCUS33   ,0.875,,,02/15/47,12/02/20,4266000,5576085.19,5576085.19,USD  ,1.00000000,6060962.16,LSOCC,
2020-12-04,CME,250  ,250I           ,CLR  ,COTC ,PB   ,250I,CLR,COTC,PB   ,TREASURY TIPS       ,USD,912810SG4,,,BBHCUS33   ,1,,,02/15/49,12/03/20,4292000,5629655.03,5629655.03,USD  ,1.00000000,6119190.24,LSOCC,
2020-12-04,CME,250  ,250I           ,CLR  ,COTC ,PB   ,250I,CLR,COTC,PB   ,TREASURY TIPS       ,USD,912828XL9,,,BBHCUS33   ,0.375,,,07/15/25,11/10/20,5000000,5800600,5800600.00,USD  ,1.00000000,5980000,LSOCC,
2020-12-04,CME,250  ,250I           ,CLR  ,COTC ,PB   ,250I,CLR,COTC,PB   ,TREASURY TIPS       ,USD,912810RA8,,,BBHCUS33   ,0.625,,,02/15/43,11/17/20,6427000,8189519.92,8189519.92,USD  ,1.00000000,8901652.08,LSOCC,
2020-12-04,CME,250  ,250I           ,CLR  ,COTC ,PB   ,250I,CLR,COTC,PB   ,TREASURY TIPS       ,USD,9128283R9,,,BBHCUS33   ,0.5,,,01/15/28,12/03/20,6591000,7454086.18,7454086.18,USD  ,1.00000000,7805325.84,LSOCC,
2020-12-04,CME,250  ,250I           ,CLR  ,COTC ,PB   ,250I,CLR,COTC,PB   ,TREASURY TIPS       ,USD,912828X39,,,BBHCUS33   ,0.125,,,04/15/22,12/02/20,6797000,7254560.45,7254560.45,USD  ,1.00000000,7402612.7,LSOCC,
2020-12-04,CME,250  ,250I           ,CLR  ,COTC ,PB   ,250I,CLR,COTC,PB   ,TREASURY TIPS       ,USD,912828H45,,,BBHCUS33   ,0.25,,,01/15/25,12/02/20,9222000,10526339.4,10526339.40,USD  ,1.00000000,10851896.28,LSOCC,
2020-12-04,CME,250  ,250I           ,CLR  ,COTC ,PB   ,250I,CLR,COTC,PB   ,TREASURY TIPS       ,USD,912828Z37,,,BBHCUS33   ,0.125,,,01/15/30,12/04/20,9309000,9909522.66,9909522.66,USD  ,1.00000000,10376463.03,LSOCC,
2020-12-04,CME,250  ,250I           ,CLR  ,COTC ,PB   ,250I,CLR,COTC,PB   ,TREASURY TIPS       ,USD,912810SB5,,,BBHCUS33   ,1,,,02/15/48,12/04/20,11337000,15011539.38,15011539.38,USD  ,1.00000000,16316890.62,LSOCC,
2020-12-04,CME,250  ,250I           ,CLR  ,COTC ,PB   ,250I,CLR,COTC,PB   ,TREASURY TIPS       ,USD,912828ZZ6,,,BBHCUS33   ,0.125,,,07/15/30,12/01/20,11846000,12727612.49,12727612.49,USD  ,1.00000000,13327342.3,LSOCC,
2020-12-04,CME,250  ,250I           ,CLR  ,COTC ,PB   ,250I,CLR,COTC,PB   ,TREASURY TIPS       ,USD,9128285W6,,,BBHCUS33   ,0.875,,,01/15/29,12/03/20,13093000,15009829.61,15009829.61,USD  ,1.00000000,15717099.06,LSOCC,
2020-12-04,CME,250  ,250I           ,CLR  ,COTC ,PB   ,250I,CLR,COTC,PB   ,TREASURY TIPS       ,USD,9128287D6,,,BBHCUS33   ,0.25,,,07/15/29,12/04/20,13395000,14538619.56,14538619.56,USD  ,1.00000000,15223685.4,LSOCC,
2020-12-04,CME,250  ,250I           ,CLR  ,COTC ,PB   ,250I,CLR,COTC,PB   ,TREASURY TIPS       ,USD,912828Y38,,,BBHCUS33   ,0.75,,,07/15/28,12/04/20,18348000,20938321.11,20938321.11,USD  ,1.00000000,21924942.6,LSOCC,
2020-12-04,CME,250  ,250I           ,CLR  ,COTC ,PB   ,250I,CLR,COTC,PB   ,TREASURY TIPS       ,USD,912828SA9,,,BBHCUS33   ,0.125,,,01/15/22,11/20/20,20300000,23237584.58,23237584.58,USD  ,1.00000000,23711821,LSOCC,
2020-12-04,CME,250  ,250I           ,CLR  ,COTC ,PB   ,250I,CLR,COTC,PB   ,TREASURY TIPS       ,USD,912810RR1,,,BBHCUS33   ,1,,,02/15/46,12/03/20,26017000,35172944.27,35172944.27,USD  ,1.00000000,38231461.16,LSOCC,
2020-12-04,CME,250  ,250I           ,CLR  ,COTC ,PB   ,250I,CLR,COTC,PB   ,TREASURY TIPS       ,USD,912828WU0,,,BBHCUS33   ,0.125,,,07/15/24,10/16/20,61395000,69326417.45,69326417.45,USD  ,1.00000000,71470533.45,LSOCC,
2020-12-04,CME,250  ,250I           ,CLR  ,COTC ,PB   ,250I,CLR,COTC,PB   ,TREASURY NOTES      ,USD,9128283U2,,,BBHCUS33   ,2.375,,,01/31/23,07/23/20,83000,85874.71,85874.71,USD  ,1.00000000,87627.25,LSOCC,
2020-12-04,CME,250  ,250I           ,CLR  ,COTC ,PB   ,250I,CLR,COTC,PB   ,TREASURY NOTES      ,USD,912828PX2,,,BBHCUS33   ,3.625,,,02/15/21,10/23/20,141000,142084.48,142084.48,USD  ,1.00000000,143519.67,LSOCC,
2020-12-04,CME,250  ,250I           ,CLR  ,COTC ,PB   ,250I,CLR,COTC,PB   ,TREASURY NOTES      ,USD,912828S92,,,BBHCUS33   ,1.25,,,07/31/23,08/19/20,180000,182078.32,182078.32,USD  ,1.00000000,185794.2,LSOCC,
2020-12-04,CME,250  ,250I           ,CLR  ,COTC ,PB   ,250I,CLR,COTC,PB   ,TREASURY NOTES      ,USD,9128286C9,,,BBHCUS33   ,2.5,,,02/15/22,08/03/20,350000,355289.69,355289.69,USD  ,1.00000000,362540.5,LSOCC,
2020-12-04,CME,250  ,250I           ,CLR  ,COTC ,PB   ,250I,CLR,COTC,PB   ,TREASURY NOTES      ,USD,9128286A3,,,BBHCUS33   ,2.625,,,01/31/26,12/02/20,386000,413002.02,413002.02,USD  ,1.00000000,432462.82,LSOCC,
2020-12-04,CME,250  ,250I           ,CLR  ,COTC ,PB   ,250I,CLR,COTC,PB   ,TREASURY NOTES      ,USD,912828R36,,,BBHCUS33   ,1.625,,,05/15/26,11/25/20,400000,405745.12,405745.12,USD  ,1.00000000,424864,LSOCC,
2020-12-04,CME,250  ,250I           ,CLR  ,COTC ,PB   ,250I,CLR,COTC,PB   ,TREASURY NOTES      ,USD,912828F21,,,BBHCUS33   ,2.125,,,09/30/21,10/29/19,551000,556563.45,556563.45,USD  ,1.00000000,562185.3,LSOCC,
2020-12-04,CME,250  ,250I           ,CLR  ,COTC ,PB   ,250I,CLR,COTC,PB   ,TREASURY NOTES      ,USD,9128286B1,,,BBHCUS33   ,2.625,,,02/15/29,12/04/20,560000,615522.72,615522.72,USD  ,1.00000000,644526.4,LSOCC,
2020-12-04,CME,250  ,250I           ,CLR  ,COTC ,PB   ,250I,CLR,COTC,PB   ,TREASURY NOTES      ,USD,912828F96,,,BBHCUS33   ,2,,,10/31/21,09/21/20,571000,575985.29,575985.29,USD  ,1.00000000,581803.32,LSOCC,
2020-12-04,CME,250  ,250I           ,CLR  ,COTC ,PB   ,250I,CLR,COTC,PB   ,TREASURY NOTES      ,USD,9128286V7,,,BBHCUS33   ,2.125,,,05/31/21,06/09/20,578000,577999.43,577999.43,USD  ,1.00000000,583837.8,LSOCC,
2020-12-04,CME,250  ,250I           ,CLR  ,COTC ,PB   ,250I,CLR,COTC,PB   ,TREASURY NOTES      ,USD,912828U24,,,BBHCUS33   ,2,,,11/15/26,07/30/20,583000,604546.58,604546.58,USD  ,1.00000000,633033.06,LSOCC,
2020-12-04,CME,250  ,250I           ,CLR  ,COTC ,PB   ,250I,CLR,COTC,PB   ,TREASURY NOTES      ,USD,912828XT2,,,BBHCUS33   ,2,,,05/31/24,11/13/19,647000,665634.51,665634.51,USD  ,1.00000000,686221.14,LSOCC,
2020-12-04,CME,250  ,250I           ,CLR  ,COTC ,PB   ,250I,CLR,COTC,PB   ,TREASURY NOTES      ,USD,912828YY0,,,BBHCUS33   ,1.75,,,12/31/24,08/26/20,797000,823364.05,823364.05,USD  ,1.00000000,848828.91,LSOCC,
2020-12-04,CME,250  ,250I           ,CLR  ,COTC ,PB   ,250I,CLR,COTC,PB   ,TREASURY NOTES      ,USD,9128285Z9,,,BBHCUS33   ,2.5,,,01/31/24,12/19/19,980000,1026590.97,1026590.97,USD  ,1.00000000,1058341.2,LSOCC,
2020-12-04,CME,250  ,250I           ,CLR  ,COTC ,PB   ,250I,CLR,COTC,PB   ,TREASURY NOTES      ,USD,9128283D0,,,BBHCUS33   ,2.25,,,10/31/24,11/13/20,1000000,1045281.7,1045281.70,USD  ,1.00000000,1077610,LSOCC,
2020-12-04,CME,250  ,250I           ,CLR  ,COTC ,PB   ,250I,CLR,COTC,PB   ,TREASURY NOTES      ,USD,9128286R6,,,BBHCUS33   ,2.25,,,04/30/24,11/30/20,1000000,1037628.4,1037628.40,USD  ,1.00000000,1069720,LSOCC,
2020-12-04,CME,250  ,250I           ,CLR  ,COTC ,PB   ,250I,CLR,COTC,PB   ,TREASURY NOTES      ,USD,912828YH7,,,BBHCUS33   ,1.5,,,09/30/24,11/13/20,1000000,1016821.9,1016821.90,USD  ,1.00000000,1048270,LSOCC,
2020-12-04,CME,250  ,250I           ,CLR  ,COTC ,PB   ,250I,CLR,COTC,PB   ,TREASURY NOTES      ,USD,912828YM6,,,BBHCUS33   ,1.5,,,10/31/24,11/13/20,1000000,1016424.2,1016424.20,USD  ,1.00000000,1047860,LSOCC,
2020-12-04,CME,250  ,250I           ,CLR  ,COTC ,PB   ,250I,CLR,COTC,PB   ,TREASURY NOTES      ,USD,912828M80,,,BBHCUS33   ,2,,,11/30/22,10/05/20,1016000,1032271.24,1032271.24,USD  ,1.00000000,1053338,LSOCC,
2020-12-04,CME,250  ,250I           ,CLR  ,COTC ,PB   ,250I,CLR,COTC,PB   ,TREASURY NOTES      ,USD,9128282F6,,,BBHCUS33   ,1.125,,,08/31/21,09/10/20,1049000,1049300.12,1049300.12,USD  ,1.00000000,1059899.11,LSOCC,
2020-12-04,CME,250  ,250I           ,CLR  ,COTC ,PB   ,250I,CLR,COTC,PB   ,TREASURY NOTES      ,USD,912828L57,,,BBHCUS33   ,1.75,,,09/30/22,09/02/20,1095000,1107707.48,1107707.48,USD  ,1.00000000,1130313.75,LSOCC,
2020-12-04,CME,250  ,250I           ,CLR  ,COTC ,PB   ,250I,CLR,COTC,PB   ,TREASURY NOTES      ,USD,9128285C0,,,BBHCUS33   ,3,,,09/30/25,10/14/20,1111000,1216818.76,1216818.76,USD  ,1.00000000,1254452.32,LSOCC,
2020-12-04,CME,250  ,250I           ,CLR  ,COTC ,PB   ,250I,CLR,COTC,PB   ,TREASURY NOTES      ,USD,9128282U3,,,BBHCUS33   ,1.875,,,08/31/24,11/10/20,1313000,1354993.68,1354993.68,USD  ,1.00000000,1396900.7,LSOCC,
2020-12-04,CME,250  ,250I           ,CLR  ,COTC ,PB   ,250I,CLR,COTC,PB   ,TREASURY NOTES      ,USD,9128285J5,,,BBHCUS33   ,3,,,10/31/25,07/29/20,1402000,1534311.51,1534311.51,USD  ,1.00000000,1581764.44,LSOCC,
2020-12-04,CME,250  ,250I           ,CLR  ,COTC ,PB   ,250I,CLR,COTC,PB   ,TREASURY NOTES      ,USD,9128282N9,,,BBHCUS33   ,2.125,,,07/31/24,10/07/20,1600000,1667592.96,1667592.96,USD  ,1.00000000,1719168,LSOCC,
2020-12-04,CME,250  ,250I           ,CLR  ,COTC ,PB   ,250I,CLR,COTC,PB   ,TREASURY NOTES      ,USD,912828W71,,,BBHCUS33   ,2.125,,,03/31/24,03/06/20,1716000,1774112,1774112.00,USD  ,1.00000000,1828981.44,LSOCC,
2020-12-04,CME,250  ,250I           ,CLR  ,COTC ,PB   ,250I,CLR,COTC,PB   ,TREASURY NOTES      ,USD,912828Z94,,,BBHCUS33   ,1.5,,,02/15/30,12/04/20,1918000,1935510.19,1935510.19,USD  ,1.00000000,2026712.24,LSOCC,
2020-12-04,CME,250  ,250I           ,CLR  ,COTC ,PB   ,250I,CLR,COTC,PB   ,TREASURY NOTES      ,USD,912828B58,,,BBHCUS33   ,2.125,,,01/31/21,10/15/19,1946000,1946614.55,1946614.55,USD  ,1.00000000,1966277.32,LSOCC,
2020-12-04,CME,250  ,250I           ,CLR  ,COTC ,PB   ,250I,CLR,COTC,PB   ,TREASURY NOTES      ,USD,912828G38,,,BBHCUS33   ,2.25,,,11/15/24,11/27/20,2000000,2090272.4,2090272.40,USD  ,1.00000000,2154920,LSOCC,
2020-12-04,CME,250  ,250I           ,CLR  ,COTC ,PB   ,250I,CLR,COTC,PB   ,TREASURY NOTES      ,USD,912828D72,,,BBHCUS33   ,2,,,08/31/21,08/05/20,2204000,2223766.36,2223766.36,USD  ,1.00000000,2246228.64,LSOCC,
2020-12-04,CME,250  ,250I           ,CLR  ,COTC ,PB   ,250I,CLR,COTC,PB   ,TREASURY NOTES      ,USD,912828S27,,,BBHCUS33   ,1.125,,,06/30/21,05/15/20,2600000,2601361.62,2601361.62,USD  ,1.00000000,2627638,LSOCC,
2020-12-04,CME,250  ,250I           ,CLR  ,COTC ,PB   ,250I,CLR,COTC,PB   ,TREASURY NOTES      ,USD,9128284V9,,,BBHCUS33   ,2.875,,,08/15/28,12/02/20,3550000,3953879.24,3953879.24,USD  ,1.00000000,4140187.5,LSOCC,
2020-12-04,CME,250  ,250I           ,CLR  ,COTC ,PB   ,250I,CLR,COTC,PB   ,TREASURY NOTES      ,USD,912828L24,,,BBHCUS33   ,1.875,,,08/31/22,12/02/20,3599000,3649478.14,3649478.14,USD  ,1.00000000,3723957.28,LSOCC,
2020-12-04,CME,250  ,250I           ,CLR  ,COTC ,PB   ,250I,CLR,COTC,PB   ,TREASURY NOTES      ,USD,912828J27,,,BBHCUS33   ,2,,,02/15/25,09/22/20,4767000,4971991.49,4971991.49,USD  ,1.00000000,5125764.42,LSOCC,
2020-12-04,CME,250  ,250I           ,CLR  ,COTC ,PB   ,250I,CLR,COTC,PB   ,TREASURY NOTES      ,USD,912828XB1,,,BBHCUS33   ,2.125,,,05/15/25,12/02/20,5167000,5406884.7,5406884.70,USD  ,1.00000000,5574107.93,LSOCC,
2020-12-04,CME,250  ,250I           ,CLR  ,COTC ,PB   ,250I,CLR,COTC,PB   ,TREASURY NOTES      ,USD,912828X88,,,BBHCUS33   ,2.375,,,05/15/27,10/29/20,5580000,5930266.65,5930266.65,USD  ,1.00000000,6209703,LSOCC,
2020-12-04,CME,250  ,250I           ,CLR  ,COTC ,PB   ,250I,CLR,COTC,PB   ,TREASURY NOTES      ,USD,9128286T2,,,BBHCUS33   ,2.375,,,05/15/29,10/07/20,7600000,8172290.64,8172290.64,USD  ,1.00000000,8557372,LSOCC,
2020-12-04,CME,250  ,250I           ,CLR  ,COTC ,PB   ,250I,CLR,COTC,PB   ,TREASURY NOTES      ,USD,9128284S6,,,BBHCUS33   ,2.75,,,05/31/23,08/19/20,8000000,8340897.6,8340897.60,USD  ,1.00000000,8511120,LSOCC,
2020-12-04,CME,250  ,250I           ,CLR  ,COTC ,PB   ,250I,CLR,COTC,PB   ,TREASURY NOTES      ,USD,912828B66,,,BBHCUS33   ,2.75,,,02/15/24,12/02/20,8860000,9355646.12,9355646.12,USD  ,1.00000000,9644996,LSOCC,
2020-12-04,CME,250  ,250I           ,CLR  ,COTC ,PB   ,250I,CLR,COTC,PB   ,TREASURY NOTES      ,USD,9128284T4,,,BBHCUS33   ,2.625,,,06/15/21,11/30/20,13000000,13200501.6,13200501.60,USD  ,1.00000000,13333840,LSOCC,
2020-12-04,CME,250  ,250I           ,CLR  ,COTC ,PB   ,250I,CLR,COTC,PB   ,TREASURY NOTES      ,USD,912828Z29,,,BBHCUS33   ,1.5,,,01/15/23,10/06/20,15000000,15199212,15199212.00,USD  ,1.00000000,15509400,LSOCC,
2020-12-04,CME,250  ,250I           ,CLR  ,COTC ,PB   ,250I,CLR,COTC,PB   ,TREASURY NOTES      ,USD,9128284M9,,,BBHCUS33   ,2.875,,,04/30/25,12/03/20,15420000,16642051.97,16642051.97,USD  ,1.00000000,17156754.6,LSOCC,
2020-12-04,CME,250  ,250I           ,CLR  ,COTC ,PB   ,250I,CLR,COTC,PB   ,TREASURY NOTES      ,USD,912828TY6,,,BBHCUS33   ,1.625,,,11/15/22,11/10/20,18905000,19071405.6,19071405.60,USD  ,1.00000000,19460617.95,LSOCC,
2020-12-04,CME,250  ,250I           ,CLR  ,COTC ,PB   ,250I,CLR,COTC,PB   ,TREASURY NOTES      ,USD,912828T26,,,BBHCUS33   ,1.375,,,09/30/23,03/05/20,20000000,20293448,20293448.00,USD  ,1.00000000,20707600,LSOCC,
2020-12-04,CME,250  ,250I           ,CLR  ,COTC ,PB   ,250I,CLR,COTC,PB   ,TREASURY NOTES      ,USD,912828YW4,,,BBHCUS33   ,1.625,,,12/15/22,06/30/20,22000000,22364188,22364188.00,USD  ,1.00000000,22820600,LSOCC,
2020-12-04,CME,250  ,250I           ,CLR  ,COTC ,PB   ,250I,CLR,COTC,PB   ,TREASURY NOTES      ,USD,912828YT1,,,BBHCUS33   ,1.5,,,11/30/21,09/11/20,25505000,25598399.31,25598399.31,USD  ,1.00000000,25856969,LSOCC,
2020-12-04,CME,250  ,250I           ,CLR  ,COTC ,PB   ,250I,CLR,COTC,PB   ,TREASURY NOTES      ,USD,912828YQ7,,,BBHCUS33   ,1.625,,,10/31/26,05/12/20,30734000,31231780.16,31231780.16,USD  ,1.00000000,32703434.72,LSOCC,
2020-12-04,CME,250  ,250I           ,CLR  ,COTC ,PB   ,250I,CLR,COTC,PB   ,TREASURY NOTES      ,USD,912828XW5,,,BBHCUS33   ,1.75,,,06/30/22,11/13/20,33066000,33460100.43,33460100.43,USD  ,1.00000000,34142959.62,LSOCC,
2020-12-04,CME,250  ,250I           ,CLR  ,COTC ,PB   ,250I,CLR,COTC,PB   ,TREASURY NOTES      ,USD,912828WZ9,,,BBHCUS33   ,1.75,,,04/30/22,11/10/20,40000000,40150600,40150600.00,USD  ,1.00000000,40970000,LSOCC,
2020-12-04,CME,250  ,250I           ,CLR  ,COTC ,PB   ,250I,CLR,COTC,PB   ,TREASURY NOTES      ,USD,9128283J7,,,BBHCUS33   ,2.125,,,11/30/24,11/25/20,50000000,51986665,51986665.00,USD  ,1.00000000,53594500,LSOCC,
2020-12-04,CME,250  ,250I           ,CLR  ,COTC ,PB   ,250I,CLR,COTC,PB   ,TREASURY NOTES      ,USD,91282CAG6,,,BBHCUS33   ,0.125,,,08/31/22,12/04/20,65103000,63790093.85,63790093.85,USD  ,1.00000000,65091932.49,LSOCC,
2020-12-04,CME,250  ,250I           ,CLR  ,COTC ,PB   ,250I,CLR,COTC,PB   ,TREASURY NOTES      ,USD,9128285M8,,,BBHCUS33   ,3.125,,,11/15/28,04/22/20,75306000,84953670.05,84953670.05,USD  ,1.00000000,88956718.62,LSOCC,
2020-12-04,CME,250  ,250I           ,CLR  ,COTC ,PB   ,250I,CLR,COTC,PB   ,TREASURY NOTES      ,USD,912828P46,,,BBHCUS33   ,1.625,,,02/15/26,09/29/20,90000000,91566837,91566837.00,USD  ,1.00000000,95881500,LSOCC,
2020-12-04,CME,250  ,250I           ,CLR  ,COTC ,PB   ,250I,CLR,COTC,PB   ,TREASURY NOTES      ,USD,9128282A7,,,BBHCUS33   ,1.5,,,08/15/26,11/18/20,100000000,101188940,101188940.00,USD  ,1.00000000,105957000,LSOCC,
2020-12-04,CME,250  ,250I           ,CLR  ,COTC ,PB   ,250I,CLR,COTC,PB   ,TREASURY NOTES      ,USD,912828YJ3,,,BBHCUS33   ,1.5,,,09/30/21,11/12/20,123946000,124430566.89,124430566.89,USD  ,1.00000000,125687441.3,LSOCC,
2020-12-04,CME,250  ,250I           ,CLR  ,COTC ,PB   ,250I,CLR,COTC,PB   ,TREASURY NOTES      ,USD,912828Y20,,,BBHCUS33   ,2.625,,,07/15/21,11/03/20,141000000,143166295.8,143166295.80,USD  ,1.00000000,144612420,LSOCC,
2020-12-04,CME,250  ,250I           ,CLR  ,COTC ,PB   ,250I,CLR,COTC,PB   ,TREASURY NOTES      ,USD,912828X47,,,BBHCUS33   ,1.875,,,04/30/22,04/16/20,215000000,216199270,216199270.00,USD  ,1.00000000,220611500,LSOCC,
2020-12-04,CME,250  ,250I           ,CLR  ,COTC ,PB   ,250I,CLR,COTC,PB   ,TREASURY NOTES      ,USD,9128286M7,,,BBHCUS33   ,2.25,,,04/15/22,12/01/20,253879000,256720769.2,256720769.20,USD  ,1.00000000,261959968.57,LSOCC,
2020-12-04,CME,250  ,250I           ,CLR  ,COTC ,PB   ,250I,CLR,COTC,PB   ,TREASURY NOTES      ,USD,912828D56,,,BBHCUS33   ,2.375,,,08/15/24,11/30/20,277820000,292205714.08,292205714.08,USD  ,1.00000000,301243004.2,LSOCC,
2020-12-04,CME,250  ,250I           ,CLR  ,COTC ,PB   ,250I,CLR,COTC,PB   ,TREASURY STRIPS     ,USD,912834NF1,,,BBHCUS33   ,0,,,02/15/44,11/13/20,92700,54537.78,54537.78,USD  ,1.00000000,61278.408,LSOCC,
2020-12-04,CME,250  ,250I           ,CLR  ,COTC ,PB   ,250I,CLR,COTC,PB   ,TREASURY STRIPS     ,USD,9128334Y3,,,BBHCUS33   ,0,,,08/15/34,12/02/20,228000,167252.76,167252.76,USD  ,1.00000000,187924.44,LSOCC,
2020-12-04,CME,250  ,250I           ,CLR  ,COTC ,PB   ,250I,CLR,COTC,PB   ,TREASURY STRIPS     ,USD,912803EL3,,,BBHCUS33   ,0,,,02/15/45,12/02/20,317000,185229.64,185229.64,USD  ,1.00000000,208123.18,LSOCC,
2020-12-04,CME,250  ,250I           ,CLR  ,COTC ,PB   ,250I,CLR,COTC,PB   ,TREASURY STRIPS     ,USD,912803ET6,,,BBHCUS33   ,0,,,05/15/46,11/23/20,404000,229424.45,229424.45,USD  ,1.00000000,257780.28,LSOCC,
2020-12-04,CME,250  ,250I           ,CLR  ,COTC ,PB   ,250I,CLR,COTC,PB   ,TREASURY STRIPS     ,USD,912803EN9,,,BBHCUS33   ,0,,,05/15/45,12/01/20,1010000,587044.63,587044.63,USD  ,1.00000000,659600.7,LSOCC,
2020-12-04,CME,250  ,250I           ,CLR  ,COTC ,PB   ,250I,CLR,COTC,PB   ,TREASURY STRIPS     ,USD,912834NP9,,,BBHCUS33   ,0,,,05/15/44,11/04/20,1117000,653024.12,653024.12,USD  ,1.00000000,733734.96,LSOCC,
2020-12-04,CME,250  ,250I           ,CLR  ,COTC ,PB   ,250I,CLR,COTC,PB   ,TREASURY STRIPS     ,USD,912803EF6,,,BBHCUS33   ,0,,,02/15/44,12/02/20,1337900,801540.57,801540.57,USD  ,1.00000000,900607.385,LSOCC,
2020-12-04,CME,250  ,250I           ,CLR  ,COTC ,PB   ,250I,CLR,COTC,PB   ,TREASURY STRIPS     ,USD,912834PH5,,,BBHCUS33   ,0,,,02/15/45,03/04/20,1590000,911862.14,911862.14,USD  ,1.00000000,1024564.2,LSOCC,
2020-12-04,CME,250  ,250I           ,CLR  ,COTC ,PB   ,250I,CLR,COTC,PB   ,TREASURY STRIPS     ,USD,912834PB8,,,BBHCUS33   ,0,,,11/15/44,12/20/19,2095000,1209253.91,1209253.91,USD  ,1.00000000,1358712.25,LSOCC,
2020-12-04,CME,250  ,250I           ,CLR  ,COTC ,PB   ,250I,CLR,COTC,PB   ,TREASURY STRIPS     ,USD,912803EK5,,,BBHCUS33   ,0,,,11/15/44,11/16/20,2205000,1296531.85,1296531.85,USD  ,1.00000000,1456777.35,LSOCC,
2020-12-04,CME,250  ,250I           ,CLR  ,COTC ,PB   ,250I,CLR,COTC,PB   ,TREASURY STRIPS     ,USD,912803EA7,,,BBHCUS33   ,0,,,02/15/43,10/14/20,3000000,1847266.2,1847266.20,USD  ,1.00000000,2075580,LSOCC,
2020-12-04,CME,250  ,250I           ,CLR  ,COTC ,PB   ,250I,CLR,COTC,PB   ,TREASURY STRIPS     ,USD,912803EJ8,,,BBHCUS33   ,0,,,08/15/44,04/14/20,3216000,1904076.54,1904076.54,USD  ,1.00000000,2139411.84,LSOCC,
2020-12-04,CME,250  ,250I           ,CLR  ,COTC ,PB   ,250I,CLR,COTC,PB   ,TREASURY STRIPS     ,USD,912803EH2,,,BBHCUS33   ,0,,,05/15/44,07/28/20,7805000,4647522.38,4647522.38,USD  ,1.00000000,5221935.25,LSOCC,
2020-12-04,CME,250  ,250I           ,CLR  ,COTC ,PB   ,250I,CLR,COTC,PB   ,TREASURY STRIPS     ,USD,912803EP4,,,BBHCUS33   ,0,,,08/15/45,11/05/20,9079000,5246302.88,5246302.88,USD  ,1.00000000,5894722.33,LSOCC,
2020-12-04,CME,250  ,250I           ,CLR  ,COTC ,PB   ,250I,CLR,COTC,PB   ,TREASURY STRIPS     ,USD,912803FE8,,,BBHCUS33   ,0,,,08/15/48,12/02/20,10289000,5559983.2,5559983.20,USD  ,1.00000000,6247172.13,LSOCC,
2020-12-04,CME,250  ,250I           ,CLR  ,COTC ,PB   ,250I,CLR,COTC,PB   ,TREASURY STRIPS     ,USD,912803CX9,,,BBHCUS33   ,0,,,02/15/36,03/12/20,26500000,19476493,19476493.00,USD  ,1.00000000,21883700,LSOCC,
2020-12-04,CME,250  ,250I           ,CLR  ,COTC ,PB   ,250I,CLR,COTC,PB   ,TREASURY STRIPS     ,USD,912803DA8,,,BBHCUS33   ,0,,,05/15/37,03/13/20,26880000,19238798.21,19238798.21,USD  ,1.00000000,21616627.2,LSOCC,
2020-12-04,CME,250  ,250I           ,CLR  ,COTC ,PB   ,250I,CLR,COTC,PB   ,TREASURY STRIPS     ,USD,912803DM2,,,BBHCUS33   ,0,,,05/15/40,11/18/20,33793000,22462991.1,22462991.10,USD  ,1.00000000,25239315.84,LSOCC,
2020-12-04,CME,250  ,250I           ,CLR  ,COTC ,PB   ,250I,CLR,COTC,PB   ,TREASURY STRIPS     ,USD,912803CG6,,,BBHCUS33   ,0,,,08/15/29,08/11/20,36000000,29698837.2,29698837.20,USD  ,1.00000000,33369480,LSOCC,
2020-12-04,CME,250  ,250I           ,CLR  ,COTC ,PB   ,250I,CLR,COTC,PB   ,TREASURY STRIPS     ,USD,912803BL6,,,BBHCUS33   ,0,,,08/15/27,03/06/20,112356800,95493662.25,95493662.25,USD  ,1.00000000,107296249.728,LSOCC,
2020-12-04,CME,250  ,250I           ,CLR  ,COTC ,PB   ,250I,CLR,COTC,PB   ,TREASURY STRIPS     ,USD,912834DV7,,,BBHCUS33   ,0,,,05/15/39,03/09/20,145500000,95889752.55,95889752.55,USD  ,1.00000000,107741295,LSOCC,
2020-12-04,CME,250  ,250I           ,CLR  ,COTC ,PB   ,250I,CLR,COTC,PB   ,CASH                ,ZAR,,,,CHASGB2L   ,,,,,,300000000,300000000,19722958.17,USD  ,0.06574319,300000000,LSOCC,
2020-12-04,CME,250  ,250I           ,CLR  ,NSEG ,PB   ,250I,CLR,NSEG,PB   ,CASH                ,USD,,,,BBHCUS33   ,,,,,,263107.33,263107.33,263107.33,USD  ,1.00000000,263107.33,NA   ,
2020-12-04,CME,250  ,250I           ,CLR  ,NSEG ,PB   ,250I,CLR,NSEG,PB   ,TREASURY BONDS      ,USD,912810RZ3,,,BBHCUS33   ,2.75,,,11/15/47,05/20/19,50000000,56779180,56779180.00,USD  ,1.00000000,61716500,NA   ,
2020-12-04,CME,250  ,250I           ,CLR  ,NSEG ,PB   ,250I,CLR,NSEG,PB   ,TREASURY BONDS      ,USD,912810QH4,,,BBHCUS33   ,4.375,,,05/15/40,05/20/19,70000000,96982536,96982536.00,USD  ,1.00000000,105415800,NA   ,
2020-12-04,CME,250  ,250I           ,CLR  ,NSEG ,PB   ,250I,CLR,NSEG,PB   ,TREASURY BONDS      ,USD,912810RC4,,,BBHCUS33   ,3.625,,,08/15/43,11/24/20,86000000,111063117.6,111063117.60,USD  ,1.00000000,120720780,NA   ,
2020-12-04,CME,250  ,250I           ,CLR  ,NSEG ,PB   ,250I,CLR,NSEG,PB   ,TREASURY BONDS      ,USD,912810RM2,,,BBHCUS33   ,3,,,05/15/45,05/20/19,87000000,102247098,102247098.00,USD  ,1.00000000,111138150,NA   ,
2020-12-04,CME,250  ,250I           ,CLR  ,NSEG ,PB   ,250I,CLR,NSEG,PB   ,TREASURY BONDS      ,USD,912810SF6,,,BBHCUS33   ,3,,,02/15/49,11/24/20,97000000,116367175.2,116367175.20,USD  ,1.00000000,126486060,NA   ,
2020-12-04,CME,250  ,250I           ,CLR  ,NSEG ,PB   ,250I,CLR,NSEG,PB   ,TREASURY NOTES      ,USD,912828Z60,,,BBHCUS33   ,1.375,,,01/31/22,05/04/20,22000000,21972227.2,21972227.20,USD  ,1.00000000,22420640,NA   ,
2020-12-04,CME,250  ,250I           ,CLR  ,NSEG ,PB   ,250I,CLR,NSEG,PB   ,TREASURY NOTES      ,USD,9128284V9,,,BBHCUS33   ,2.875,,,08/15/28,05/01/20,44000000,49005827.2,49005827.20,USD  ,1.00000000,51315000,NA   ,
2020-12-04,CME,250  ,250I           ,CLR  ,NSEG ,PB   ,250I,CLR,NSEG,PB   ,TREASURY NOTES      ,USD,912828N30,,,BBHCUS33   ,2.125,,,12/31/22,04/29/20,109000000,112121476.6,112121476.60,USD  ,1.00000000,114409670,NA   ,
2020-12-04,CME,250  ,250I           ,SECR ,NSEG ,SECR ,250I,SECR,NSEG,SECR ,TREASURY NOTES      ,USD,912828V98,,,CITIUS33IRS,2.25,,,02/15/27,11/26/19,18000000,19051677,19051677.00,USD  ,1.00000000,19949400,NA   ,
2020-12-04,CME,250  ,250I           ,SECR ,NSEG ,SECR ,250I,SECR,NSEG,SECR ,TREASURY NOTES      ,USD,912828N30,,,CITIUS33IRS,2.125,,,12/31/22,08/27/19,25000000,25715935,25715935.00,USD  ,1.00000000,26240750,NA   ,
2020-12-04,CME,250  ,250I           ,SECR ,NSEG ,SECR ,250I,SECR,NSEG,SECR ,TREASURY NOTES      ,USD,912828X47,,,CITIUS33IRS,1.875,,,04/30/22,02/28/19,50000000,50278900,50278900.00,USD  ,1.00000000,51305000,NA   ,
2020-12-04,CME,250  ,250I           ,SECR ,NSEG ,SECR ,250I,SECR,NSEG,SECR ,TREASURY NOTES      ,USD,9128285M8,,,CITIUS33IRS,3.125,,,11/15/28,08/05/20,75000000,84608467.5,84608467.50,USD  ,1.00000000,88595250,NA   ,
2020-12-04,CME,250  ,250I           ,SECR ,NSEG ,SECR ,250I,SECR,NSEG,SECR ,TREASURY NOTES      ,USD,912828T91,,,CITIUS33IRS,1.625,,,10/31/23,06/27/19,209000000,213561717.6,213561717.60,USD  ,1.00000000,217920120,NA   ,
2020-12-04,CME,250  ,250T           ,CLR  ,COTC ,PB   ,250T,CLR,COTC,PB   ,CASH                ,USD,,,,BBHCUS33   ,,,,,,4472846.66,4472846.66,4472846.66,USD  ,1.00000000,4472846.66,LSOCU,
